[
  {
    "id": "1756831578098",
    "nome": "Sandália Crocs",
    "preco": 23.99,
    "descricao": "Crocs Nba Los Angeles Lakers Único - Branco",
    "categoria": "Roupas",
    "imagem": "https://drive.google.com/file/d/1kKSldFzWURJfXkcm8vioLBnIb7K5f8ft/view?usp=drive_link",
    "createdAt": "2025-09-02T16:46:18.098Z",
    "updatedAt": "2025-09-02T16:46:18.098Z"
  },
  {
    "id": "1756832146690",
    "nome": "Tênis Nike Lebron XX",
    "preco": 997.49,
    "descricao": "Tenis Masculino - Verde",
    "categoria": "Roupas",
    "imagem": "https://drive.google.com/file/d/11aPfUsWkRPsFdXcOhPz0XbP8QrX9JCEQ/view?usp=drive_link",
    "createdAt": "2025-09-02T16:55:46.690Z",
    "updatedAt": "2025-09-02T16:55:46.690Z"
  },
  {
    "id": "1756832293521",
    "nome": "Tênis tesla coil delux b & w",
    "preco": 399.9,
    "descricao": "",
    "categoria": "Roupas",
    "imagem": "https://images.tcdn.com.br/img/img_prod/703344/tenis_tesla_coil_delux_b_eamp_w_9156_1_2be0f277beb3d337b16cfefec3f12274.jpg",
    "createdAt": "2025-09-02T16:58:13.521Z",
    "updatedAt": "2025-09-02T16:58:13.521Z"
  },
  {
    "id": "1756832344584",
    "nome": "Bola Futebol De Campo Bola 8 Penalty Cor Preto",
    "preco": 152.99,
    "descricao": "",
    "categoria": "Esportes",
    "imagem": "https://http2.mlstatic.com/D_NQ_NP_888107-MLA81942694869_012025-O.webp",
    "createdAt": "2025-09-02T16:59:04.584Z",
    "updatedAt": "2025-09-02T16:59:04.584Z"
  },
  {
    "id": "1756832399793",
    "nome": "Bola Vôlei de Quadra Mikasa V360W voleibol Oficial Fivb amarelo e azul",
    "preco": 159.29,
    "descricao": "",
    "categoria": "Esportes",
    "imagem": "https://http2.mlstatic.com/D_NQ_NP_661928-MLU75649309383_042024-O.webp",
    "createdAt": "2025-09-02T16:59:59.793Z",
    "updatedAt": "2025-09-02T17:00:09.337Z"
  },
  {
    "id": "1756832449497",
    "nome": "Bola Basquete Wilson Nba Player Los Angeles Lakers - Lebron Cor Roxo",
    "preco": 183,
    "descricao": "",
    "categoria": "Esportes",
    "imagem": "https://http2.mlstatic.com/D_NQ_NP_673198-MLU72566137206_112023-O.webp",
    "createdAt": "2025-09-02T17:00:49.497Z",
    "updatedAt": "2025-09-02T17:00:49.497Z"
  },
  {
    "id": "1756832490872",
    "nome": "Ps4 Slim Playstation 4 + Jogo E Controle Garantia (Recondicionado)",
    "preco": 2189,
    "descricao": "",
    "categoria": "Eletrônicos",
    "imagem": "https://http2.mlstatic.com/D_NQ_NP_705944-MLB90432014993_082025-O-ps4-slim-playstation-4-jogo-e-controle-garantia.webp",
    "createdAt": "2025-09-02T17:01:30.872Z",
    "updatedAt": "2025-09-02T17:01:30.872Z"
  },
  {
    "id": "1756832538690",
    "nome": "Telefone Sem Fio Intelbras Ts 2510 Preto",
    "preco": 149,
    "descricao": "",
    "categoria": "Eletrônicos",
    "imagem": "https://http2.mlstatic.com/D_NQ_NP_989861-MLU74991938814_032024-O.webp",
    "createdAt": "2025-09-02T17:02:18.690Z",
    "updatedAt": "2025-09-02T17:02:25.514Z"
  },
  {
    "id": "1756832626450",
    "nome": "Pc Game Ryzen A8 9600 32gb Ddr4 + Kit Gamer Completo + Wifi",
    "preco": 2630.86,
    "descricao": "",
    "categoria": "Eletrônicos",
    "imagem": "https://http2.mlstatic.com/D_NQ_NP_867494-MLA82638875883_022025-O.webp",
    "createdAt": "2025-09-02T17:03:46.450Z",
    "updatedAt": "2025-09-02T17:03:46.450Z"
  }
]